tiempo,tension
0.000000000000,0.08000
0.000000002000,0.08000
0.000000004000,0.08000
0.000000006000,0.12000
0.000000008000,0.12000
0.000000010000,0.08000
0.000000012000,0.12000
0.000000014000,0.08000
0.000000016000,0.08000
0.000000018000,0.08000
0.000000020000,0.12000
0.000000022000,0.12000
0.000000024000,0.08000
0.000000026000,0.12000
0.000000028000,0.12000
0.000000030000,0.12000
0.000000032000,0.08000
0.000000034000,0.08000
0.000000036000,0.12000
0.000000038000,0.12000
0.000000040000,0.12000
0.000000042000,0.12000
0.000000044000,0.08000
0.000000046000,0.12000
0.000000048000,0.08000
0.000000050000,0.12000
0.000000052000,0.12000
0.000000054000,0.08000
0.000000056000,0.08000
0.000000058000,0.12000
0.000000060000,0.12000
0.000000062000,0.08000
0.000000064000,0.08000
0.000000066000,0.12000
0.000000068000,0.12000
0.000000070000,0.12000
0.000000072000,0.08000
0.000000074000,0.12000
0.000000076000,0.12000
0.000000078000,0.12000
0.000000080000,0.08000
0.000000082000,0.12000
0.000000084000,0.12000
0.000000086000,0.08000
0.000000088000,0.08000
0.000000090000,0.12000
0.000000092000,0.12000
0.000000094000,0.12000
0.000000096000,0.12000
0.000000098000,0.08000
0.000000100000,0.08000
0.000000102000,0.12000
0.000000104000,0.08000
0.000000106000,0.08000
0.000000108000,0.12000
0.000000110000,0.12000
0.000000112000,0.08000
0.000000114000,0.12000
0.000000116000,0.12000
0.000000118000,0.08000
0.000000120000,0.08000
0.000000122000,0.12000
0.000000124000,0.12000
0.000000126000,0.12000
0.000000128000,0.08000
0.000000130000,0.08000
0.000000132000,0.12000
0.000000134000,0.12000
0.000000136000,0.08000
0.000000138000,0.08000
0.000000140000,0.12000
0.000000142000,0.12000
0.000000144000,0.08000
0.000000146000,0.12000
0.000000148000,0.12000
0.000000150000,0.08000
0.000000152000,0.08000
0.000000154000,0.12000
0.000000156000,0.12000
0.000000158000,0.12000
0.000000160000,0.12000
0.000000162000,0.12000
0.000000164000,0.12000
0.000000166000,0.12000
0.000000168000,0.12000
0.000000170000,0.12000
0.000000172000,0.12000
0.000000174000,0.12000
0.000000176000,0.12000
0.000000178000,0.08000
0.000000180000,0.08000
0.000000182000,0.12000
0.000000184000,0.12000
0.000000186000,0.08000
0.000000188000,0.08000
0.000000190000,0.12000
0.000000192000,0.12000
0.000000194000,0.08000
0.000000196000,0.08000
0.000000198000,0.12000
0.000000200000,0.08000
0.000000202000,0.12000
0.000000204000,0.08000
0.000000206000,0.08000
0.000000208000,0.08000
0.000000210000,0.12000
0.000000212000,0.12000
0.000000214000,0.12000
0.000000216000,0.08000
0.000000218000,0.12000
0.000000220000,0.12000
0.000000222000,0.12000
0.000000224000,0.08000
0.000000226000,0.12000
0.000000228000,0.08000
0.000000230000,0.12000
0.000000232000,0.08000
0.000000234000,0.08000
0.000000236000,0.12000
0.000000238000,0.08000
0.000000240000,0.08000
0.000000242000,0.12000
0.000000244000,0.12000
0.000000246000,0.08000
0.000000248000,0.08000
0.000000250000,0.12000
0.000000252000,0.12000
0.000000254000,0.12000
0.000000256000,0.08000
0.000000258000,0.08000
0.000000260000,0.12000
0.000000262000,0.12000
0.000000264000,0.08000
0.000000266000,0.08000
0.000000268000,0.12000
0.000000270000,0.12000
0.000000272000,0.08000
0.000000274000,0.08000
0.000000276000,0.12000
0.000000278000,0.12000
0.000000280000,0.08000
0.000000282000,0.12000
0.000000284000,0.08000
0.000000286000,0.08000
0.000000288000,0.08000
0.000000290000,0.08000
0.000000292000,0.12000
0.000000294000,0.12000
0.000000296000,0.08000
0.000000298000,0.12000
0.000000300000,0.08000
0.000000302000,0.12000
0.000000304000,0.08000
0.000000306000,0.12000
0.000000308000,0.12000
0.000000310000,0.08000
0.000000312000,0.08000
0.000000314000,0.12000
0.000000316000,0.12000
0.000000318000,0.12000
0.000000320000,0.08000
0.000000322000,0.12000
0.000000324000,0.12000
0.000000326000,0.08000
0.000000328000,0.12000
0.000000330000,0.12000
0.000000332000,0.12000
0.000000334000,0.12000
0.000000336000,0.12000
0.000000338000,0.08000
0.000000340000,0.08000
0.000000342000,0.08000
0.000000344000,0.08000
0.000000346000,0.12000
0.000000348000,0.12000
0.000000350000,0.12000
0.000000352000,0.12000
0.000000354000,0.12000
0.000000356000,0.12000
0.000000358000,0.12000
0.000000360000,0.08000
0.000000362000,0.08000
0.000000364000,0.12000
0.000000366000,0.12000
0.000000368000,0.12000
0.000000370000,0.32000
0.000000372000,0.72000
0.000000374000,1.52000
0.000000376000,2.40000
0.000000378000,3.40000
0.000000380000,4.20000
0.000000382000,4.88000
0.000000384000,5.28000
0.000000386000,5.56000
0.000000388000,5.60000
0.000000390000,5.64000
0.000000392000,5.60000
0.000000394000,5.60000
0.000000396000,5.48000
0.000000398000,5.16000
0.000000400000,4.60000
0.000000402000,3.84000
0.000000404000,2.92000
0.000000406000,2.12000
0.000000408000,1.44000
0.000000410000,1.04000
0.000000412000,0.84000
0.000000414000,0.84000
0.000000416000,0.92000
0.000000418000,1.08000
0.000000420000,1.24000
0.000000422000,1.44000
0.000000424000,1.60000
0.000000426000,1.76000
0.000000428000,1.92000
0.000000430000,2.08000
0.000000432000,2.24000
0.000000434000,2.40000
0.000000436000,2.60000
0.000000438000,2.72000
0.000000440000,2.80000
0.000000442000,2.88000
0.000000444000,2.96000
0.000000446000,3.00000
0.000000448000,3.04000
0.000000450000,3.08000
0.000000452000,3.12000
0.000000454000,3.16000
0.000000456000,3.20000
0.000000458000,3.28000
0.000000460000,3.32000
0.000000462000,3.40000
0.000000464000,3.44000
0.000000466000,3.52000
0.000000468000,3.56000
0.000000470000,3.64000
0.000000472000,3.68000
0.000000474000,3.76000
0.000000476000,3.84000
0.000000478000,3.88000
0.000000480000,3.92000
0.000000482000,4.00000
0.000000484000,4.04000
0.000000486000,4.08000
0.000000488000,4.12000
0.000000490000,4.20000
0.000000492000,4.24000
0.000000494000,4.28000
0.000000496000,4.32000
0.000000498000,4.32000
0.000000500000,4.36000
0.000000502000,4.40000
0.000000504000,4.40000
0.000000506000,4.44000
0.000000508000,4.48000
0.000000510000,4.48000
0.000000512000,4.52000
0.000000514000,4.56000
0.000000516000,4.60000
0.000000518000,4.64000
0.000000520000,4.60000
0.000000522000,4.68000
0.000000524000,4.68000
0.000000526000,4.68000
0.000000528000,4.72000
0.000000530000,4.76000
0.000000532000,4.76000
0.000000534000,4.80000
0.000000536000,4.80000
0.000000538000,4.84000
0.000000540000,4.84000
0.000000542000,4.88000
0.000000544000,4.88000
0.000000546000,4.92000
0.000000548000,4.92000
0.000000550000,4.96000
0.000000552000,4.96000
0.000000554000,4.96000
0.000000556000,4.96000
0.000000558000,5.00000
0.000000560000,5.00000
0.000000562000,5.04000
0.000000564000,5.04000
0.000000566000,5.04000
0.000000568000,5.04000
0.000000570000,5.08000
0.000000572000,5.08000
0.000000574000,5.08000
0.000000576000,5.08000
0.000000578000,5.12000
0.000000580000,5.12000
0.000000582000,5.12000
0.000000584000,5.12000
0.000000586000,5.16000
0.000000588000,5.16000
0.000000590000,5.20000
0.000000592000,5.16000
0.000000594000,5.20000
0.000000596000,5.16000
0.000000598000,5.20000
0.000000600000,5.20000
0.000000602000,5.24000
0.000000604000,5.20000
0.000000606000,5.24000
0.000000608000,5.20000
0.000000610000,5.24000
0.000000612000,5.24000
0.000000614000,5.24000
0.000000616000,5.24000
0.000000618000,5.28000
0.000000620000,5.24000
0.000000622000,5.28000
0.000000624000,5.24000
0.000000626000,5.28000
0.000000628000,5.28000
0.000000630000,5.28000
0.000000632000,5.28000
0.000000634000,5.32000
0.000000636000,5.28000
0.000000638000,5.32000
0.000000640000,5.28000
0.000000642000,5.32000
0.000000644000,5.28000
0.000000646000,5.28000
0.000000648000,5.28000
0.000000650000,5.32000
0.000000652000,5.28000
0.000000654000,5.32000
0.000000656000,5.32000
0.000000658000,5.32000
0.000000660000,5.32000
0.000000662000,5.36000
0.000000664000,5.32000
0.000000666000,5.36000
0.000000668000,5.32000
0.000000670000,5.36000
0.000000672000,5.32000
0.000000674000,5.36000
0.000000676000,5.36000
0.000000678000,5.36000
0.000000680000,5.32000
0.000000682000,5.36000
0.000000684000,5.36000
0.000000686000,5.36000
0.000000688000,5.36000
0.000000690000,5.36000
0.000000692000,5.36000
0.000000694000,5.36000
0.000000696000,5.36000
0.000000698000,5.36000
0.000000700000,5.36000
0.000000702000,5.36000
0.000000704000,5.36000
0.000000706000,5.40000
0.000000708000,5.36000
0.000000710000,5.40000
0.000000712000,5.36000
0.000000714000,5.40000
0.000000716000,5.36000
0.000000718000,5.40000
0.000000720000,5.36000
0.000000722000,5.40000
0.000000724000,5.40000
0.000000726000,5.40000
0.000000728000,5.36000
0.000000730000,5.40000
0.000000732000,5.36000
0.000000734000,5.40000
0.000000736000,5.36000
0.000000738000,5.40000
0.000000740000,5.36000
0.000000742000,5.40000
0.000000744000,5.36000
0.000000746000,5.40000
0.000000748000,5.36000
0.000000750000,5.40000
0.000000752000,5.36000
0.000000754000,5.40000
0.000000756000,5.40000
0.000000758000,5.40000
0.000000760000,5.36000
0.000000762000,5.40000
0.000000764000,5.40000
0.000000766000,5.40000
0.000000768000,5.40000
0.000000770000,5.44000
0.000000772000,5.40000
0.000000774000,5.40000
0.000000776000,5.36000
0.000000778000,5.40000
0.000000780000,5.40000
0.000000782000,5.40000
0.000000784000,5.36000
0.000000786000,5.40000
0.000000788000,5.40000
0.000000790000,5.40000
0.000000792000,5.36000
0.000000794000,5.40000
0.000000796000,5.40000
0.000000798000,5.40000
0.000000800000,5.40000
0.000000802000,5.40000
0.000000804000,5.40000
0.000000806000,5.40000
0.000000808000,5.36000
0.000000810000,5.44000
0.000000812000,5.40000
0.000000814000,5.40000
0.000000816000,5.40000
0.000000818000,5.40000
0.000000820000,5.40000
0.000000822000,5.40000
0.000000824000,5.40000
0.000000826000,5.40000
0.000000828000,5.40000
0.000000830000,5.40000
0.000000832000,5.40000
0.000000834000,5.40000
0.000000836000,5.40000
0.000000838000,5.44000
0.000000840000,5.36000
0.000000842000,5.40000
0.000000844000,5.40000
0.000000846000,5.40000
0.000000848000,5.40000
0.000000850000,5.40000
0.000000852000,5.36000
0.000000854000,5.40000
0.000000856000,5.36000
0.000000858000,5.40000
0.000000860000,5.40000
0.000000862000,5.40000
0.000000864000,5.40000
0.000000866000,5.40000
0.000000868000,5.40000
0.000000870000,5.40000
0.000000872000,5.36000
0.000000874000,5.40000
0.000000876000,5.40000
0.000000878000,5.40000
0.000000880000,5.36000
0.000000882000,5.40000
0.000000884000,5.40000
0.000000886000,5.40000
0.000000888000,5.36000
0.000000890000,5.40000
0.000000892000,5.40000
0.000000894000,5.40000
0.000000896000,5.36000
0.000000898000,5.40000
0.000000900000,5.40000
0.000000902000,5.40000
0.000000904000,5.36000
0.000000906000,5.40000
0.000000908000,5.40000
0.000000910000,5.40000
0.000000912000,5.40000
0.000000914000,5.40000
0.000000916000,5.40000
0.000000918000,5.40000
0.000000920000,5.36000
0.000000922000,5.40000
0.000000924000,5.36000
0.000000926000,5.40000
0.000000928000,5.36000
0.000000930000,5.40000
0.000000932000,5.40000
0.000000934000,5.40000
0.000000936000,5.40000
0.000000938000,5.40000
0.000000940000,5.40000
0.000000942000,5.40000
0.000000944000,5.40000
0.000000946000,5.40000
0.000000948000,5.36000
0.000000950000,5.40000
0.000000952000,5.36000
0.000000954000,5.40000
0.000000956000,5.40000
0.000000958000,5.40000
0.000000960000,5.36000
0.000000962000,5.40000
0.000000964000,5.40000
0.000000966000,5.40000
0.000000968000,5.36000
0.000000970000,5.40000
0.000000972000,5.40000
0.000000974000,5.40000
0.000000976000,5.36000
0.000000978000,5.44000
0.000000980000,5.36000
0.000000982000,5.40000
0.000000984000,5.40000
0.000000986000,5.40000
0.000000988000,5.36000
0.000000990000,5.40000
0.000000992000,5.36000
0.000000994000,5.40000
0.000000996000,5.36000
0.000000998000,5.40000
0.000001000000,5.36000
0.000001002000,5.40000
0.000001004000,5.40000
0.000001006000,5.40000
0.000001008000,5.36000
0.000001010000,5.40000
0.000001012000,5.40000
0.000001014000,5.40000
0.000001016000,5.36000
0.000001018000,5.40000
0.000001020000,5.36000
0.000001022000,5.40000
0.000001024000,5.36000
0.000001026000,5.40000
0.000001028000,5.36000
0.000001030000,5.40000
0.000001032000,5.36000
0.000001034000,5.40000
0.000001036000,5.40000
0.000001038000,5.40000
0.000001040000,5.36000
0.000001042000,5.40000
0.000001044000,5.40000
0.000001046000,5.40000
0.000001048000,5.36000
0.000001050000,5.40000
0.000001052000,5.36000
0.000001054000,5.40000
0.000001056000,5.36000
0.000001058000,5.40000
0.000001060000,5.40000
0.000001062000,5.40000
0.000001064000,5.36000
0.000001066000,5.40000
0.000001068000,5.40000
0.000001070000,5.40000
0.000001072000,5.36000
0.000001074000,5.40000
0.000001076000,5.40000
0.000001078000,5.40000
0.000001080000,5.36000
0.000001082000,5.40000
0.000001084000,5.36000
0.000001086000,5.40000
0.000001088000,5.36000
0.000001090000,5.40000
0.000001092000,5.36000
0.000001094000,5.40000
0.000001096000,5.36000
0.000001098000,5.40000
0.000001100000,5.36000
0.000001102000,5.40000
0.000001104000,5.36000
0.000001106000,5.40000
0.000001108000,5.40000
0.000001110000,5.40000
0.000001112000,5.36000
0.000001114000,5.40000
0.000001116000,5.36000
0.000001118000,5.40000
0.000001120000,5.36000
0.000001122000,5.40000
0.000001124000,5.40000
0.000001126000,5.40000
0.000001128000,5.36000
0.000001130000,5.40000
0.000001132000,5.36000
0.000001134000,5.40000
0.000001136000,5.36000
0.000001138000,5.40000
0.000001140000,5.36000
0.000001142000,5.40000
0.000001144000,5.36000
0.000001146000,5.36000
0.000001148000,5.36000
0.000001150000,5.40000
0.000001152000,5.36000
0.000001154000,5.40000
0.000001156000,5.36000
0.000001158000,5.40000
0.000001160000,5.36000
0.000001162000,5.40000
0.000001164000,5.36000
0.000001166000,5.40000
0.000001168000,5.36000
0.000001170000,5.40000
0.000001172000,5.36000
0.000001174000,5.40000
0.000001176000,5.36000
0.000001178000,5.40000
0.000001180000,5.36000
0.000001182000,5.40000
0.000001184000,5.36000
0.000001186000,5.40000
0.000001188000,5.36000
0.000001190000,5.40000
0.000001192000,5.36000
0.000001194000,5.36000
0.000001196000,5.36000
0.000001198000,5.36000
0.000001200000,5.36000
0.000001202000,5.40000
0.000001204000,5.36000
0.000001206000,5.36000
0.000001208000,5.36000
0.000001210000,5.40000
0.000001212000,5.36000
0.000001214000,5.40000
0.000001216000,5.36000
0.000001218000,5.36000
0.000001220000,5.36000
0.000001222000,5.36000
0.000001224000,5.36000
0.000001226000,5.40000
0.000001228000,5.36000
0.000001230000,5.36000
0.000001232000,5.36000
0.000001234000,5.40000
0.000001236000,5.36000
0.000001238000,5.36000
0.000001240000,5.36000
0.000001242000,5.40000
0.000001244000,5.36000
0.000001246000,5.36000
0.000001248000,5.36000
0.000001250000,5.36000
0.000001252000,5.36000
0.000001254000,5.40000
0.000001256000,5.36000
0.000001258000,5.36000
0.000001260000,5.36000
0.000001262000,5.36000
0.000001264000,5.36000
0.000001266000,5.40000
0.000001268000,5.36000
0.000001270000,5.36000
0.000001272000,5.36000
0.000001274000,5.36000
0.000001276000,5.36000
0.000001278000,5.36000
0.000001280000,5.36000
0.000001282000,5.36000
0.000001284000,5.36000
0.000001286000,5.40000
0.000001288000,5.36000
0.000001290000,5.36000
0.000001292000,5.36000
0.000001294000,5.36000
0.000001296000,5.36000
0.000001298000,5.36000
0.000001300000,5.36000
0.000001302000,5.40000
0.000001304000,5.36000
0.000001306000,5.36000
0.000001308000,5.36000
0.000001310000,5.36000
0.000001312000,5.36000
0.000001314000,5.40000
0.000001316000,5.36000
0.000001318000,5.36000
0.000001320000,5.36000
0.000001322000,5.40000
0.000001324000,5.36000
0.000001326000,5.36000
0.000001328000,5.36000
0.000001330000,5.40000
0.000001332000,5.36000
0.000001334000,5.40000
0.000001336000,5.32000
0.000001338000,5.36000
0.000001340000,5.36000
0.000001342000,5.40000
0.000001344000,5.36000
0.000001346000,5.40000
0.000001348000,5.36000
0.000001350000,5.36000
0.000001352000,5.36000
0.000001354000,5.40000
0.000001356000,5.36000
0.000001358000,5.36000
0.000001360000,5.36000
0.000001362000,5.36000
0.000001364000,5.36000
0.000001366000,5.40000
0.000001368000,5.36000
0.000001370000,5.36000
0.000001372000,5.36000
0.000001374000,5.36000
0.000001376000,5.36000
0.000001378000,5.36000
0.000001380000,5.36000
0.000001382000,5.36000
0.000001384000,5.36000
0.000001386000,5.36000
0.000001388000,5.36000
0.000001390000,5.36000
0.000001392000,5.32000
0.000001394000,5.36000
0.000001396000,5.36000
0.000001398000,5.36000
0.000001400000,5.32000
0.000001402000,5.40000
0.000001404000,5.36000
0.000001406000,5.36000
0.000001408000,5.36000
0.000001410000,5.36000
0.000001412000,5.36000
0.000001414000,5.36000
0.000001416000,5.32000
0.000001418000,5.36000
0.000001420000,5.36000
0.000001422000,5.36000
0.000001424000,5.36000
0.000001426000,5.36000
0.000001428000,5.36000
0.000001430000,5.36000
0.000001432000,5.36000
0.000001434000,5.36000
0.000001436000,5.36000
0.000001438000,5.36000
0.000001440000,5.36000
0.000001442000,5.36000
0.000001444000,5.36000
0.000001446000,5.36000
0.000001448000,5.32000
0.000001450000,5.36000
0.000001452000,5.36000
0.000001454000,5.36000
0.000001456000,5.32000
0.000001458000,5.36000
0.000001460000,5.36000
0.000001462000,5.36000
0.000001464000,5.36000
0.000001466000,5.36000
0.000001468000,5.36000
0.000001470000,5.36000
0.000001472000,5.36000
0.000001474000,5.36000
0.000001476000,5.36000
0.000001478000,5.36000
0.000001480000,5.32000
0.000001482000,5.36000
0.000001484000,5.36000
0.000001486000,5.36000
0.000001488000,5.32000
0.000001490000,5.36000
0.000001492000,5.32000
0.000001494000,5.36000
0.000001496000,5.32000
0.000001498000,5.36000
0.000001500000,5.36000
0.000001502000,5.36000
0.000001504000,5.32000
0.000001506000,5.36000
0.000001508000,5.36000
0.000001510000,5.36000
0.000001512000,5.32000
0.000001514000,5.36000
0.000001516000,5.32000
0.000001518000,5.36000
0.000001520000,5.32000
0.000001522000,5.36000
0.000001524000,5.36000
0.000001526000,5.36000
0.000001528000,5.32000
0.000001530000,5.36000
0.000001532000,5.36000
0.000001534000,5.36000
0.000001536000,5.32000
0.000001538000,5.40000
0.000001540000,5.36000
0.000001542000,5.36000
0.000001544000,5.36000
0.000001546000,5.36000
0.000001548000,5.32000
0.000001550000,5.36000
0.000001552000,5.32000
0.000001554000,5.36000
0.000001556000,5.32000
0.000001558000,5.36000
0.000001560000,5.32000
0.000001562000,5.36000
0.000001564000,5.32000
0.000001566000,5.36000
0.000001568000,5.32000
0.000001570000,5.40000
0.000001572000,5.32000
0.000001574000,5.36000
0.000001576000,5.36000
0.000001578000,5.36000
0.000001580000,5.36000
0.000001582000,5.36000
0.000001584000,5.36000
0.000001586000,5.36000
0.000001588000,5.32000
0.000001590000,5.36000
0.000001592000,5.36000
0.000001594000,5.36000
0.000001596000,5.32000
0.000001598000,5.36000
0.000001600000,5.32000
0.000001602000,5.36000
0.000001604000,5.32000
0.000001606000,5.36000
0.000001608000,5.36000
0.000001610000,5.36000
0.000001612000,5.32000
0.000001614000,5.36000
0.000001616000,5.32000
0.000001618000,5.36000
0.000001620000,5.36000
0.000001622000,5.36000
0.000001624000,5.32000
0.000001626000,5.36000
0.000001628000,5.36000
0.000001630000,5.36000
0.000001632000,5.32000
0.000001634000,5.36000
0.000001636000,5.32000
0.000001638000,5.36000
0.000001640000,5.32000
0.000001642000,5.36000
0.000001644000,5.32000
0.000001646000,5.36000
0.000001648000,5.32000
0.000001650000,5.36000
0.000001652000,5.32000
0.000001654000,5.36000
0.000001656000,5.32000
0.000001658000,5.36000
0.000001660000,5.36000
0.000001662000,5.36000
0.000001664000,5.32000
0.000001666000,5.36000
0.000001668000,5.32000
0.000001670000,5.36000
0.000001672000,5.32000
0.000001674000,5.36000
0.000001676000,5.36000
0.000001678000,5.36000
0.000001680000,5.32000
0.000001682000,5.36000
0.000001684000,5.36000
0.000001686000,5.36000
0.000001688000,5.32000
0.000001690000,5.36000
0.000001692000,5.36000
0.000001694000,5.36000
0.000001696000,5.32000
0.000001698000,5.32000
0.000001700000,5.32000
0.000001702000,5.36000
0.000001704000,5.32000
0.000001706000,5.36000
0.000001708000,5.32000
0.000001710000,5.36000
0.000001712000,5.32000
0.000001714000,5.36000
0.000001716000,5.32000
0.000001718000,5.36000
0.000001720000,5.32000
0.000001722000,5.32000
0.000001724000,5.32000
0.000001726000,5.36000
0.000001728000,5.32000
0.000001730000,5.32000
0.000001732000,5.32000
0.000001734000,5.36000
0.000001736000,5.32000
0.000001738000,5.36000
0.000001740000,5.32000
0.000001742000,5.36000
0.000001744000,5.32000
0.000001746000,5.36000
0.000001748000,5.32000
0.000001750000,5.36000
0.000001752000,5.32000
0.000001754000,5.36000
0.000001756000,5.32000
0.000001758000,5.36000
0.000001760000,5.32000
0.000001762000,5.32000
0.000001764000,5.32000
0.000001766000,5.32000
0.000001768000,5.32000
0.000001770000,5.36000
0.000001772000,5.36000
0.000001774000,5.36000
0.000001776000,5.32000
0.000001778000,5.36000
0.000001780000,5.32000
0.000001782000,5.36000
0.000001784000,5.32000
0.000001786000,5.36000
0.000001788000,5.32000
0.000001790000,5.36000
0.000001792000,5.32000
0.000001794000,5.36000
0.000001796000,5.32000
0.000001798000,5.36000
0.000001800000,5.32000
0.000001802000,5.36000
0.000001804000,5.32000
0.000001806000,5.32000
0.000001808000,5.32000
0.000001810000,5.36000
0.000001812000,5.32000
0.000001814000,5.32000
0.000001816000,5.32000
0.000001818000,5.36000
0.000001820000,5.32000
0.000001822000,5.36000
0.000001824000,5.32000
0.000001826000,5.36000
0.000001828000,5.32000
0.000001830000,5.36000
0.000001832000,5.32000
0.000001834000,5.36000
0.000001836000,5.32000
0.000001838000,5.36000
0.000001840000,5.32000
0.000001842000,5.36000
0.000001844000,5.32000
0.000001846000,5.36000
0.000001848000,5.32000
0.000001850000,5.36000
0.000001852000,5.32000
0.000001854000,5.32000
0.000001856000,5.32000
0.000001858000,5.36000
0.000001860000,5.32000
0.000001862000,5.36000
0.000001864000,5.32000
0.000001866000,5.36000
0.000001868000,5.32000
0.000001870000,5.36000
0.000001872000,5.32000
0.000001874000,5.36000
0.000001876000,5.32000
0.000001878000,5.36000
0.000001880000,5.32000
0.000001882000,5.36000
0.000001884000,5.32000
0.000001886000,5.36000
0.000001888000,5.32000
0.000001890000,5.32000
0.000001892000,5.32000
0.000001894000,5.36000
0.000001896000,5.32000
0.000001898000,5.36000
0.000001900000,5.32000
0.000001902000,5.32000
0.000001904000,5.32000
0.000001906000,5.36000
0.000001908000,5.32000
0.000001910000,5.32000
0.000001912000,5.32000
0.000001914000,5.36000
0.000001916000,5.32000
0.000001918000,5.36000
0.000001920000,5.32000
0.000001922000,5.32000
0.000001924000,5.32000
0.000001926000,5.36000
0.000001928000,5.28000
0.000001930000,5.32000
0.000001932000,5.32000
0.000001934000,5.36000
0.000001936000,5.32000
0.000001938000,5.32000
0.000001940000,5.28000
0.000001942000,5.32000
0.000001944000,5.32000
0.000001946000,5.36000
0.000001948000,5.32000
0.000001950000,5.36000
0.000001952000,5.32000
0.000001954000,5.32000
0.000001956000,5.32000
0.000001958000,5.36000
0.000001960000,5.32000
0.000001962000,5.32000
0.000001964000,5.32000
0.000001966000,5.36000
0.000001968000,5.32000
0.000001970000,5.36000
0.000001972000,5.32000
0.000001974000,5.32000
0.000001976000,5.32000
0.000001978000,5.36000
0.000001980000,5.32000
0.000001982000,5.36000
0.000001984000,5.32000
0.000001986000,5.36000
0.000001988000,5.32000
0.000001990000,5.36000
0.000001992000,5.32000
0.000001994000,5.36000
0.000001996000,5.32000
0.000001998000,5.32000
0.000002000000,5.32000
0.000002002000,5.32000
0.000002004000,5.32000
0.000002006000,5.36000
0.000002008000,5.28000
0.000002010000,5.32000
0.000002012000,5.32000
0.000002014000,5.32000
0.000002016000,5.32000
0.000002018000,5.32000
0.000002020000,5.28000
0.000002022000,5.36000
0.000002024000,5.32000
0.000002026000,5.32000
0.000002028000,5.32000
0.000002030000,5.32000
0.000002032000,5.32000
0.000002034000,5.32000
0.000002036000,5.32000
0.000002038000,5.36000
0.000002040000,5.32000
0.000002042000,5.32000
0.000002044000,5.32000
0.000002046000,5.36000
0.000002048000,5.32000
0.000002050000,5.32000
0.000002052000,5.32000
0.000002054000,5.36000
0.000002056000,5.32000
0.000002058000,5.32000
0.000002060000,5.32000
0.000002062000,5.36000
0.000002064000,5.32000
0.000002066000,5.32000
0.000002068000,5.32000
0.000002070000,5.32000
0.000002072000,5.32000
0.000002074000,5.36000
0.000002076000,5.28000
0.000002078000,5.32000
0.000002080000,5.28000
0.000002082000,5.32000
0.000002084000,5.32000
0.000002086000,5.32000
0.000002088000,5.32000
0.000002090000,5.32000
0.000002092000,5.28000
0.000002094000,5.32000
0.000002096000,5.28000
0.000002098000,5.32000
0.000002100000,5.28000
0.000002102000,5.32000
0.000002104000,5.32000
0.000002106000,5.32000
0.000002108000,5.32000
0.000002110000,5.32000
0.000002112000,5.32000
0.000002114000,5.32000
0.000002116000,5.32000
0.000002118000,5.32000
0.000002120000,5.32000
0.000002122000,5.32000
0.000002124000,5.32000
0.000002126000,5.32000
0.000002128000,5.28000
0.000002130000,5.32000
0.000002132000,5.32000
0.000002134000,5.32000
0.000002136000,5.28000
0.000002138000,5.32000
0.000002140000,5.32000
0.000002142000,5.32000
0.000002144000,5.28000
0.000002146000,5.36000
0.000002148000,5.32000
0.000002150000,5.32000
0.000002152000,5.28000
0.000002154000,5.32000
0.000002156000,5.32000
0.000002158000,5.32000
0.000002160000,5.28000
0.000002162000,5.36000
0.000002164000,5.32000
0.000002166000,5.32000
0.000002168000,5.28000
0.000002170000,5.32000
0.000002172000,5.32000
0.000002174000,5.36000
0.000002176000,5.28000
0.000002178000,5.32000
0.000002180000,5.32000
0.000002182000,5.32000
0.000002184000,5.28000
0.000002186000,5.32000
0.000002188000,5.32000
0.000002190000,5.36000
0.000002192000,5.28000
0.000002194000,5.32000
0.000002196000,5.32000
0.000002198000,5.32000
0.000002200000,5.28000
0.000002202000,5.32000
0.000002204000,5.32000
0.000002206000,5.32000
0.000002208000,5.32000
0.000002210000,5.32000
0.000002212000,5.32000
0.000002214000,5.32000
0.000002216000,5.32000
0.000002218000,5.32000
0.000002220000,5.32000
0.000002222000,5.32000
0.000002224000,5.32000
0.000002226000,5.32000
0.000002228000,5.32000
0.000002230000,5.32000
0.000002232000,5.32000
0.000002234000,5.32000
0.000002236000,5.32000
0.000002238000,5.32000
0.000002240000,5.32000
0.000002242000,5.32000
0.000002244000,5.28000
0.000002246000,5.32000
0.000002248000,5.28000
0.000002250000,5.32000
0.000002252000,5.28000
0.000002254000,5.32000
0.000002256000,5.32000
0.000002258000,5.36000
0.000002260000,5.32000
0.000002262000,5.32000
0.000002264000,5.28000
0.000002266000,5.32000
0.000002268000,5.32000
0.000002270000,5.32000
0.000002272000,5.32000
0.000002274000,5.32000
0.000002276000,5.32000
0.000002278000,5.32000
0.000002280000,5.32000
0.000002282000,5.32000
0.000002284000,5.32000
0.000002286000,5.32000
0.000002288000,5.28000
0.000002290000,5.32000
0.000002292000,5.32000
0.000002294000,5.32000
0.000002296000,5.28000
0.000002298000,5.32000
0.000002300000,5.32000
0.000002302000,5.32000
0.000002304000,5.32000
0.000002306000,5.32000
0.000002308000,5.28000
0.000002310000,5.32000
0.000002312000,5.28000
0.000002314000,5.32000
0.000002316000,5.32000
0.000002318000,5.32000
0.000002320000,5.28000
0.000002322000,5.32000
0.000002324000,5.32000
0.000002326000,5.32000
0.000002328000,5.32000
0.000002330000,5.32000
0.000002332000,5.32000
0.000002334000,5.32000
0.000002336000,5.32000
0.000002338000,5.32000
0.000002340000,5.32000
0.000002342000,5.32000
0.000002344000,5.28000
0.000002346000,5.32000
0.000002348000,5.32000
0.000002350000,5.32000
0.000002352000,5.28000
0.000002354000,5.32000
0.000002356000,5.28000
0.000002358000,5.32000
0.000002360000,5.28000
0.000002362000,5.32000
0.000002364000,5.32000
0.000002366000,5.32000
0.000002368000,5.32000
0.000002370000,5.32000
0.000002372000,5.32000
0.000002374000,5.32000
0.000002376000,5.28000
0.000002378000,5.32000
0.000002380000,5.32000
0.000002382000,5.36000
0.000002384000,5.32000
0.000002386000,5.32000
0.000002388000,5.28000
0.000002390000,5.32000
0.000002392000,5.32000
0.000002394000,5.32000
0.000002396000,5.28000
0.000002398000,5.32000
0.000002400000,5.28000
0.000002402000,5.36000
0.000002404000,5.32000
0.000002406000,5.32000
0.000002408000,5.28000
0.000002410000,5.32000
0.000002412000,5.28000
0.000002414000,5.32000
0.000002416000,5.32000
0.000002418000,5.32000
0.000002420000,5.28000
0.000002422000,5.32000
0.000002424000,5.32000
0.000002426000,5.32000
0.000002428000,5.28000
0.000002430000,5.32000
0.000002432000,5.28000
0.000002434000,5.32000
0.000002436000,5.32000
0.000002438000,5.32000
0.000002440000,5.28000
0.000002442000,5.32000
0.000002444000,5.32000
0.000002446000,5.32000
0.000002448000,5.28000
0.000002450000,5.32000
0.000002452000,5.32000
0.000002454000,5.32000
0.000002456000,5.32000
0.000002458000,5.32000
0.000002460000,5.32000
0.000002462000,5.32000
0.000002464000,5.28000
0.000002466000,5.32000
0.000002468000,5.32000
0.000002470000,5.32000
0.000002472000,5.28000
0.000002474000,5.32000
0.000002476000,5.28000
0.000002478000,5.32000
0.000002480000,5.32000
0.000002482000,5.32000
0.000002484000,5.28000
0.000002486000,5.32000
0.000002488000,5.28000
0.000002490000,5.32000
0.000002492000,5.28000
0.000002494000,5.32000
0.000002496000,5.28000
0.000002498000,5.32000
0.000002500000,5.28000
0.000002502000,5.32000
0.000002504000,5.28000
0.000002506000,5.32000
0.000002508000,5.32000
0.000002510000,5.32000
0.000002512000,5.28000
0.000002514000,5.32000
0.000002516000,5.28000
0.000002518000,5.32000
0.000002520000,5.32000
0.000002522000,5.32000
0.000002524000,5.28000
0.000002526000,5.36000
0.000002528000,5.28000
0.000002530000,5.32000
0.000002532000,5.28000
0.000002534000,5.32000
0.000002536000,5.28000
0.000002538000,5.32000
0.000002540000,5.28000
0.000002542000,5.32000
0.000002544000,5.28000
0.000002546000,5.32000
0.000002548000,5.28000
0.000002550000,5.32000
0.000002552000,5.28000
0.000002554000,5.32000
0.000002556000,5.32000
0.000002558000,5.32000
0.000002560000,5.28000
0.000002562000,5.32000
0.000002564000,5.28000
0.000002566000,5.32000
0.000002568000,5.28000
0.000002570000,5.32000
0.000002572000,5.28000
0.000002574000,5.32000
0.000002576000,5.28000
0.000002578000,5.32000
0.000002580000,5.28000
0.000002582000,5.32000
0.000002584000,5.28000
0.000002586000,5.32000
0.000002588000,5.28000
0.000002590000,5.32000
0.000002592000,5.28000
0.000002594000,5.32000
0.000002596000,5.32000
0.000002598000,5.32000
0.000002600000,5.28000
0.000002602000,5.32000
0.000002604000,5.32000
0.000002606000,5.32000
0.000002608000,5.28000
0.000002610000,5.32000
0.000002612000,5.32000
0.000002614000,5.32000
0.000002616000,5.28000
0.000002618000,5.32000
0.000002620000,5.32000
0.000002622000,5.32000
0.000002624000,5.28000
0.000002626000,5.32000
0.000002628000,5.28000
0.000002630000,5.32000
0.000002632000,5.28000
0.000002634000,5.32000
0.000002636000,5.28000
0.000002638000,5.32000
0.000002640000,5.28000
0.000002642000,5.32000
0.000002644000,5.28000
0.000002646000,5.32000
0.000002648000,5.28000
0.000002650000,5.32000
0.000002652000,5.32000
0.000002654000,5.32000
0.000002656000,5.28000
0.000002658000,5.32000
0.000002660000,5.28000
0.000002662000,5.32000
0.000002664000,5.28000
0.000002666000,5.32000
0.000002668000,5.32000
0.000002670000,5.32000
0.000002672000,5.28000
0.000002674000,5.32000
0.000002676000,5.32000
0.000002678000,5.32000
0.000002680000,5.28000
0.000002682000,5.32000
0.000002684000,5.28000
0.000002686000,5.32000
0.000002688000,5.28000
0.000002690000,5.32000
0.000002692000,5.28000
0.000002694000,5.32000
0.000002696000,5.28000
0.000002698000,5.32000
0.000002700000,5.28000
0.000002702000,5.32000
0.000002704000,5.28000
0.000002706000,5.32000
0.000002708000,5.32000
0.000002710000,5.32000
0.000002712000,5.28000
0.000002714000,5.32000
0.000002716000,5.28000
0.000002718000,5.32000
0.000002720000,5.28000
0.000002722000,5.32000
0.000002724000,5.28000
0.000002726000,5.32000
0.000002728000,5.28000
0.000002730000,5.32000
0.000002732000,5.32000
0.000002734000,5.32000
0.000002736000,5.28000
0.000002738000,5.32000
0.000002740000,5.28000
0.000002742000,5.32000
0.000002744000,5.32000
0.000002746000,5.32000
0.000002748000,5.28000
0.000002750000,5.32000
0.000002752000,5.28000
0.000002754000,5.32000
0.000002756000,5.28000
0.000002758000,5.32000
0.000002760000,5.28000
0.000002762000,5.32000
0.000002764000,5.28000
0.000002766000,5.32000
0.000002768000,5.28000
0.000002770000,5.32000
0.000002772000,5.32000
0.000002774000,5.32000
0.000002776000,5.28000
0.000002778000,5.32000
0.000002780000,5.28000
0.000002782000,5.32000
0.000002784000,5.28000
0.000002786000,5.32000
0.000002788000,5.28000
0.000002790000,5.32000
0.000002792000,5.28000
0.000002794000,5.32000
0.000002796000,5.32000
0.000002798000,5.32000
0.000002800000,5.28000
0.000002802000,5.32000
0.000002804000,5.28000
0.000002806000,5.32000
0.000002808000,5.28000
0.000002810000,5.32000
0.000002812000,5.28000
0.000002814000,5.32000
0.000002816000,5.28000
0.000002818000,5.32000
0.000002820000,5.28000
0.000002822000,5.32000
0.000002824000,5.28000
0.000002826000,5.32000
0.000002828000,5.28000
0.000002830000,5.32000
0.000002832000,5.28000
0.000002834000,5.32000
0.000002836000,5.28000
0.000002838000,5.28000
0.000002840000,5.28000
0.000002842000,5.32000
0.000002844000,5.28000
0.000002846000,5.32000
0.000002848000,5.28000
0.000002850000,5.32000
0.000002852000,5.28000
0.000002854000,5.32000
0.000002856000,5.28000
0.000002858000,5.32000
0.000002860000,5.28000
0.000002862000,5.32000
0.000002864000,5.28000
0.000002866000,5.32000
0.000002868000,5.28000
0.000002870000,5.32000
0.000002872000,5.32000
0.000002874000,5.32000
0.000002876000,5.28000
0.000002878000,5.32000
0.000002880000,5.28000
0.000002882000,5.32000
0.000002884000,5.28000
0.000002886000,5.32000
0.000002888000,5.28000
0.000002890000,5.32000
0.000002892000,5.28000
0.000002894000,5.32000
0.000002896000,5.28000
0.000002898000,5.32000
0.000002900000,5.28000
0.000002902000,5.32000
0.000002904000,5.28000
0.000002906000,5.32000
0.000002908000,5.32000
0.000002910000,5.32000
0.000002912000,5.28000
0.000002914000,5.32000
0.000002916000,5.28000
0.000002918000,5.32000
0.000002920000,5.28000
0.000002922000,5.32000
0.000002924000,5.28000
0.000002926000,5.32000
0.000002928000,5.28000
0.000002930000,5.32000
0.000002932000,5.28000
0.000002934000,5.32000
0.000002936000,5.28000
0.000002938000,5.32000
0.000002940000,5.28000
0.000002942000,5.32000
0.000002944000,5.28000
0.000002946000,5.32000
0.000002948000,5.28000
0.000002950000,5.32000
0.000002952000,5.28000
0.000002954000,5.32000
0.000002956000,5.28000
0.000002958000,5.32000
0.000002960000,5.28000
0.000002962000,5.32000
0.000002964000,5.28000
0.000002966000,5.32000
0.000002968000,5.28000
0.000002970000,5.32000
0.000002972000,5.28000
0.000002974000,5.32000
0.000002976000,5.28000
0.000002978000,5.32000
0.000002980000,5.28000
0.000002982000,5.32000
0.000002984000,5.28000
0.000002986000,5.32000
0.000002988000,5.28000
0.000002990000,5.32000
0.000002992000,5.28000
0.000002994000,5.32000
0.000002996000,5.32000
0.000002998000,5.28000
0.000003000000,5.28000
0.000003002000,5.32000
0.000003004000,5.28000
0.000003006000,5.32000
0.000003008000,5.28000
0.000003010000,5.28000
0.000003012000,5.28000
0.000003014000,5.32000
0.000003016000,5.28000
0.000003018000,5.32000
0.000003020000,5.28000
0.000003022000,5.28000
0.000003024000,5.28000
0.000003026000,5.32000
0.000003028000,5.28000
0.000003030000,5.32000
0.000003032000,5.28000
0.000003034000,5.32000
0.000003036000,5.28000
0.000003038000,5.32000
0.000003040000,5.28000
0.000003042000,5.32000
0.000003044000,5.28000
0.000003046000,5.28000
0.000003048000,5.28000
0.000003050000,5.32000
0.000003052000,5.28000
0.000003054000,5.32000
0.000003056000,5.28000
0.000003058000,5.32000
0.000003060000,5.28000
0.000003062000,5.32000
0.000003064000,5.28000
0.000003066000,5.32000
0.000003068000,5.28000
0.000003070000,5.32000
0.000003072000,5.28000
0.000003074000,5.32000
0.000003076000,5.28000
0.000003078000,5.32000
0.000003080000,5.28000
0.000003082000,5.32000
0.000003084000,5.28000
0.000003086000,5.28000
0.000003088000,5.28000
0.000003090000,5.32000
0.000003092000,5.28000
0.000003094000,5.32000
0.000003096000,5.28000
0.000003098000,5.32000
0.000003100000,5.28000
0.000003102000,5.32000
0.000003104000,5.28000
0.000003106000,5.32000
0.000003108000,5.28000
0.000003110000,5.32000
0.000003112000,5.28000
0.000003114000,5.32000
0.000003116000,5.28000
0.000003118000,5.28000
0.000003120000,5.28000
0.000003122000,5.32000
0.000003124000,5.28000
0.000003126000,5.32000
0.000003128000,5.28000
0.000003130000,5.32000
0.000003132000,5.28000
0.000003134000,5.32000
0.000003136000,5.28000
0.000003138000,5.32000
0.000003140000,5.28000
0.000003142000,5.32000
0.000003144000,5.28000
0.000003146000,5.32000
0.000003148000,5.28000
0.000003150000,5.32000
0.000003152000,5.28000
0.000003154000,5.32000
0.000003156000,5.28000
0.000003158000,5.32000
0.000003160000,5.28000
0.000003162000,5.32000
0.000003164000,5.28000
0.000003166000,5.32000
0.000003168000,5.28000
0.000003170000,5.32000
0.000003172000,5.28000
0.000003174000,5.32000
0.000003176000,5.28000
0.000003178000,5.32000
0.000003180000,5.28000
0.000003182000,5.32000
0.000003184000,5.28000
0.000003186000,5.32000
0.000003188000,5.28000
0.000003190000,5.28000
0.000003192000,5.28000
0.000003194000,5.32000
0.000003196000,5.28000
0.000003198000,5.28000
0.000003200000,5.28000
0.000003202000,5.32000
0.000003204000,5.28000
0.000003206000,5.28000
0.000003208000,5.28000
0.000003210000,5.32000
0.000003212000,5.28000
0.000003214000,5.32000
0.000003216000,5.28000
0.000003218000,5.32000
0.000003220000,5.28000
0.000003222000,5.28000
0.000003224000,5.28000
0.000003226000,5.32000
0.000003228000,5.28000
0.000003230000,5.32000
0.000003232000,5.28000
0.000003234000,5.32000
0.000003236000,5.32000
0.000003238000,5.32000
0.000003240000,5.28000
0.000003242000,5.28000
0.000003244000,5.28000
0.000003246000,5.32000
0.000003248000,5.28000
0.000003250000,5.32000
0.000003252000,5.28000
0.000003254000,5.32000
0.000003256000,5.28000
0.000003258000,5.32000
0.000003260000,5.28000
0.000003262000,5.32000
0.000003264000,5.28000
0.000003266000,5.32000
0.000003268000,5.28000
0.000003270000,5.32000
0.000003272000,5.28000
0.000003274000,5.32000
0.000003276000,5.28000
0.000003278000,5.32000
0.000003280000,5.28000
0.000003282000,5.32000
0.000003284000,5.28000
0.000003286000,5.28000
0.000003288000,5.28000
0.000003290000,5.32000
0.000003292000,5.28000
0.000003294000,5.32000
0.000003296000,5.28000
0.000003298000,5.28000
0.000003300000,5.28000
0.000003302000,5.32000
0.000003304000,5.28000
0.000003306000,5.32000
0.000003308000,5.28000
0.000003310000,5.32000
0.000003312000,5.28000
0.000003314000,5.32000
0.000003316000,5.28000
0.000003318000,5.32000
0.000003320000,5.28000
0.000003322000,5.28000
0.000003324000,5.28000
0.000003326000,5.32000
0.000003328000,5.28000
0.000003330000,5.32000
0.000003332000,5.28000
0.000003334000,5.28000
0.000003336000,5.28000
0.000003338000,5.32000
0.000003340000,5.28000
0.000003342000,5.32000
0.000003344000,5.28000
0.000003346000,5.32000
0.000003348000,5.28000
0.000003350000,5.28000
0.000003352000,5.28000
0.000003354000,5.32000
0.000003356000,5.28000
0.000003358000,5.28000
0.000003360000,5.28000
0.000003362000,5.32000
0.000003364000,5.28000
0.000003366000,5.28000
0.000003368000,5.28000
0.000003370000,5.32000
0.000003372000,5.28000
0.000003374000,5.28000
0.000003376000,5.28000
0.000003378000,5.32000
0.000003380000,5.28000
0.000003382000,5.32000
0.000003384000,5.28000
0.000003386000,5.32000
0.000003388000,5.28000
0.000003390000,5.28000
0.000003392000,5.28000
0.000003394000,5.32000
0.000003396000,5.28000
0.000003398000,5.28000
0.000003400000,5.28000
0.000003402000,5.32000
0.000003404000,5.28000
0.000003406000,5.32000
0.000003408000,5.28000
0.000003410000,5.32000
0.000003412000,5.28000
0.000003414000,5.32000
0.000003416000,5.28000
0.000003418000,5.32000
0.000003420000,5.32000
0.000003422000,5.32000
0.000003424000,5.28000
0.000003426000,5.32000
0.000003428000,5.28000
0.000003430000,5.32000
0.000003432000,5.28000
0.000003434000,5.32000
0.000003436000,5.28000
0.000003438000,5.28000
0.000003440000,5.28000
0.000003442000,5.28000
0.000003444000,5.28000
0.000003446000,5.28000
0.000003448000,5.28000
0.000003450000,5.32000
0.000003452000,5.28000
0.000003454000,5.32000
0.000003456000,5.28000
0.000003458000,5.32000
0.000003460000,5.28000
0.000003462000,5.32000
0.000003464000,5.28000
0.000003466000,5.32000
0.000003468000,5.28000
0.000003470000,5.32000
0.000003472000,5.28000
0.000003474000,5.32000
0.000003476000,5.28000
0.000003478000,5.28000
0.000003480000,5.24000
0.000003482000,5.32000
0.000003484000,5.28000
0.000003486000,5.28000
0.000003488000,5.28000
0.000003490000,5.32000
0.000003492000,5.28000
0.000003494000,5.32000
0.000003496000,5.24000
0.000003498000,5.32000
0.000003500000,5.28000
0.000003502000,5.32000
0.000003504000,5.28000
0.000003506000,5.28000
0.000003508000,5.28000
0.000003510000,5.28000
0.000003512000,5.28000
0.000003514000,5.32000
0.000003516000,5.28000
0.000003518000,5.32000
0.000003520000,5.28000
0.000003522000,5.32000
0.000003524000,5.28000
0.000003526000,5.32000
0.000003528000,5.28000
0.000003530000,5.28000
0.000003532000,5.28000
0.000003534000,5.32000
0.000003536000,5.28000
0.000003538000,5.32000
0.000003540000,5.28000
0.000003542000,5.28000
0.000003544000,5.28000
0.000003546000,5.28000
0.000003548000,5.28000
0.000003550000,5.32000
0.000003552000,5.28000
0.000003554000,5.32000
0.000003556000,5.28000
0.000003558000,5.28000
0.000003560000,5.28000
0.000003562000,5.32000
0.000003564000,5.28000
0.000003566000,5.28000
0.000003568000,5.28000
0.000003570000,5.32000
0.000003572000,5.28000
0.000003574000,5.28000
0.000003576000,5.28000
0.000003578000,5.32000
0.000003580000,5.28000
0.000003582000,5.32000
0.000003584000,5.28000
0.000003586000,5.28000
0.000003588000,5.28000
0.000003590000,5.28000
0.000003592000,5.28000
0.000003594000,5.32000
0.000003596000,5.28000
0.000003598000,5.28000
0.000003600000,5.28000
0.000003602000,5.28000
0.000003604000,5.28000
0.000003606000,5.28000
0.000003608000,5.28000
0.000003610000,5.28000
0.000003612000,5.28000
0.000003614000,5.28000
0.000003616000,5.28000
0.000003618000,5.32000
0.000003620000,5.28000
0.000003622000,5.32000
0.000003624000,5.28000
0.000003626000,5.32000
0.000003628000,5.28000
0.000003630000,5.28000
0.000003632000,5.28000
0.000003634000,5.28000
0.000003636000,5.28000
0.000003638000,5.28000
0.000003640000,5.28000
0.000003642000,5.32000
0.000003644000,5.28000
0.000003646000,5.28000
0.000003648000,5.28000
0.000003650000,5.32000
0.000003652000,5.28000
0.000003654000,5.28000
0.000003656000,5.28000
0.000003658000,5.32000
0.000003660000,5.28000
0.000003662000,5.32000
0.000003664000,5.24000
0.000003666000,5.32000
0.000003668000,5.28000
0.000003670000,5.32000
0.000003672000,5.28000
0.000003674000,5.32000
0.000003676000,5.28000
0.000003678000,5.28000
0.000003680000,5.28000
0.000003682000,5.32000
0.000003684000,5.28000
0.000003686000,5.28000
0.000003688000,5.28000
0.000003690000,5.32000
0.000003692000,5.28000
0.000003694000,5.32000
0.000003696000,5.28000
0.000003698000,5.32000
0.000003700000,5.28000
0.000003702000,5.32000
0.000003704000,5.28000
0.000003706000,5.28000
0.000003708000,5.28000
0.000003710000,5.32000
0.000003712000,5.28000
0.000003714000,5.28000
0.000003716000,5.28000
0.000003718000,5.28000
0.000003720000,5.28000
0.000003722000,5.32000
0.000003724000,5.28000
0.000003726000,5.32000
0.000003728000,5.28000
0.000003730000,5.28000
0.000003732000,5.28000
0.000003734000,5.32000
0.000003736000,5.28000
0.000003738000,5.32000
0.000003740000,5.28000
0.000003742000,5.32000
0.000003744000,5.28000
0.000003746000,5.28000
0.000003748000,5.28000
0.000003750000,5.28000
0.000003752000,5.28000
0.000003754000,5.28000
0.000003756000,5.28000
0.000003758000,5.28000
0.000003760000,5.28000
0.000003762000,5.32000
0.000003764000,5.28000
0.000003766000,5.28000
0.000003768000,5.28000
0.000003770000,5.32000
0.000003772000,5.28000
0.000003774000,5.28000
0.000003776000,5.28000
0.000003778000,5.28000
0.000003780000,5.28000
0.000003782000,5.28000
0.000003784000,5.24000
0.000003786000,5.32000
0.000003788000,5.28000
0.000003790000,5.32000
0.000003792000,5.24000
0.000003794000,5.32000
0.000003796000,5.28000
0.000003798000,5.28000
0.000003800000,5.28000
0.000003802000,5.28000
0.000003804000,5.28000
0.000003806000,5.32000
0.000003808000,5.28000
0.000003810000,5.28000
0.000003812000,5.28000
0.000003814000,5.28000
0.000003816000,5.28000
0.000003818000,5.28000
0.000003820000,5.28000
0.000003822000,5.28000
0.000003824000,5.28000
0.000003826000,5.32000
0.000003828000,5.28000
0.000003830000,5.28000
0.000003832000,5.28000
0.000003834000,5.28000
0.000003836000,5.28000
0.000003838000,5.28000
0.000003840000,5.28000
0.000003842000,5.28000
0.000003844000,5.28000
0.000003846000,5.28000
0.000003848000,5.28000
0.000003850000,5.28000
0.000003852000,5.28000
0.000003854000,5.28000
0.000003856000,5.28000
0.000003858000,5.28000
0.000003860000,5.28000
0.000003862000,5.32000
0.000003864000,5.28000
0.000003866000,5.32000
0.000003868000,5.28000
0.000003870000,5.28000
0.000003872000,5.28000
0.000003874000,5.32000
0.000003876000,5.28000
0.000003878000,5.28000
0.000003880000,5.28000
0.000003882000,5.32000
0.000003884000,5.28000
0.000003886000,5.32000
0.000003888000,5.28000
0.000003890000,5.28000
0.000003892000,5.28000
0.000003894000,5.28000
0.000003896000,5.24000
0.000003898000,5.32000
0.000003900000,5.28000
0.000003902000,5.28000
0.000003904000,5.28000
0.000003906000,5.32000
0.000003908000,5.28000
0.000003910000,5.32000
0.000003912000,5.28000
0.000003914000,5.28000
0.000003916000,5.28000
0.000003918000,5.32000
0.000003920000,5.28000
0.000003922000,5.28000
0.000003924000,5.28000
0.000003926000,5.32000
0.000003928000,5.28000
0.000003930000,5.28000
0.000003932000,5.28000
0.000003934000,5.28000
0.000003936000,5.28000
0.000003938000,5.32000
0.000003940000,5.28000
0.000003942000,5.28000
0.000003944000,5.28000
0.000003946000,5.32000
0.000003948000,5.28000
0.000003950000,5.32000
0.000003952000,5.28000
0.000003954000,5.28000
0.000003956000,5.28000
0.000003958000,5.28000
0.000003960000,5.28000
0.000003962000,5.32000
0.000003964000,5.28000
0.000003966000,5.32000
0.000003968000,5.28000
0.000003970000,5.32000
0.000003972000,5.28000
0.000003974000,5.32000
0.000003976000,5.28000
0.000003978000,5.28000
0.000003980000,5.28000
0.000003982000,5.28000
0.000003984000,5.28000
0.000003986000,5.28000
0.000003988000,5.28000
0.000003990000,5.28000
0.000003992000,5.28000
0.000003994000,5.32000
0.000003996000,5.28000
0.000003998000,5.32000
0.000004000000,5.28000
0.000004002000,5.28000
0.000004004000,5.28000
0.000004006000,5.28000
0.000004008000,5.28000
0.000004010000,5.32000
0.000004012000,5.28000
0.000004014000,5.28000
0.000004016000,5.28000
0.000004018000,5.28000
0.000004020000,5.28000
0.000004022000,5.32000
0.000004024000,5.28000
0.000004026000,5.32000
0.000004028000,5.28000
0.000004030000,5.28000
0.000004032000,5.28000
0.000004034000,5.28000
0.000004036000,5.28000
0.000004038000,5.28000
0.000004040000,5.28000
0.000004042000,5.28000
0.000004044000,5.28000
0.000004046000,5.28000
0.000004048000,5.28000
0.000004050000,5.28000
0.000004052000,5.28000
0.000004054000,5.32000
0.000004056000,5.28000
0.000004058000,5.28000
0.000004060000,5.28000
0.000004062000,5.32000
0.000004064000,5.28000
0.000004066000,5.28000
0.000004068000,5.28000
0.000004070000,5.28000
0.000004072000,5.28000
0.000004074000,5.28000
0.000004076000,5.28000
0.000004078000,5.28000
0.000004080000,5.28000
0.000004082000,5.28000
0.000004084000,5.28000
0.000004086000,5.28000
0.000004088000,5.28000
0.000004090000,5.32000
0.000004092000,5.28000
0.000004094000,5.28000
0.000004096000,5.28000
0.000004098000,5.32000
0.000004100000,5.28000
0.000004102000,5.28000
0.000004104000,5.24000
0.000004106000,5.32000
0.000004108000,5.28000
0.000004110000,5.28000
0.000004112000,5.28000
0.000004114000,5.28000
0.000004116000,5.28000
0.000004118000,5.28000
0.000004120000,5.28000
0.000004122000,5.28000
0.000004124000,5.28000
0.000004126000,5.28000
0.000004128000,5.28000
0.000004130000,5.32000
0.000004132000,5.28000
0.000004134000,5.28000
0.000004136000,5.24000
0.000004138000,5.28000
0.000004140000,5.28000
0.000004142000,5.28000
0.000004144000,5.28000
0.000004146000,5.32000
0.000004148000,5.28000
0.000004150000,5.28000
0.000004152000,5.28000
0.000004154000,5.28000
0.000004156000,5.28000
0.000004158000,5.32000
0.000004160000,5.28000
0.000004162000,5.28000
0.000004164000,5.28000
0.000004166000,5.32000
0.000004168000,5.28000
0.000004170000,5.28000
0.000004172000,5.28000
0.000004174000,5.28000
0.000004176000,5.28000
0.000004178000,5.28000
0.000004180000,5.28000
0.000004182000,5.28000
0.000004184000,5.28000
0.000004186000,5.32000
0.000004188000,5.28000
0.000004190000,5.28000
0.000004192000,5.28000
0.000004194000,5.28000
0.000004196000,5.28000
0.000004198000,5.28000
0.000004200000,5.28000
0.000004202000,5.28000
0.000004204000,5.28000
0.000004206000,5.28000
0.000004208000,5.28000
0.000004210000,5.32000
0.000004212000,5.28000
0.000004214000,5.28000
0.000004216000,5.28000
0.000004218000,5.28000
0.000004220000,5.28000
0.000004222000,5.28000
0.000004224000,5.28000
0.000004226000,5.32000
0.000004228000,5.28000
0.000004230000,5.28000
0.000004232000,5.28000
0.000004234000,5.28000
0.000004236000,5.28000
0.000004238000,5.28000
0.000004240000,5.28000
0.000004242000,5.28000
0.000004244000,5.28000
0.000004246000,5.28000
0.000004248000,5.28000
0.000004250000,5.32000
0.000004252000,5.28000
0.000004254000,5.28000
0.000004256000,5.24000
0.000004258000,5.32000
0.000004260000,5.28000
0.000004262000,5.28000
0.000004264000,5.28000
0.000004266000,5.28000
0.000004268000,5.28000
0.000004270000,5.28000
0.000004272000,5.28000
0.000004274000,5.28000
0.000004276000,5.28000
0.000004278000,5.28000
0.000004280000,5.28000
0.000004282000,5.32000
0.000004284000,5.28000
0.000004286000,5.28000
0.000004288000,5.28000
0.000004290000,5.32000
0.000004292000,5.28000
0.000004294000,5.28000
0.000004296000,5.24000
0.000004298000,5.28000
0.000004300000,5.28000
0.000004302000,5.28000
0.000004304000,5.28000
0.000004306000,5.28000
0.000004308000,5.28000
0.000004310000,5.28000
0.000004312000,5.28000
0.000004314000,5.28000
0.000004316000,5.28000
0.000004318000,5.28000
0.000004320000,5.28000
0.000004322000,5.32000
0.000004324000,5.28000
0.000004326000,5.28000
0.000004328000,5.24000
0.000004330000,5.32000
0.000004332000,5.28000
0.000004334000,5.28000
0.000004336000,5.24000
0.000004338000,5.28000
0.000004340000,5.28000
0.000004342000,5.28000
0.000004344000,5.28000
0.000004346000,5.28000
0.000004348000,5.28000
0.000004350000,5.28000
0.000004352000,5.24000
0.000004354000,5.32000
0.000004356000,5.28000
0.000004358000,5.28000
0.000004360000,5.24000
0.000004362000,5.28000
0.000004364000,5.28000
0.000004366000,5.28000
0.000004368000,5.28000
0.000004370000,5.32000
0.000004372000,5.28000
0.000004374000,5.28000
0.000004376000,5.28000
0.000004378000,5.28000
0.000004380000,5.28000
0.000004382000,5.28000
0.000004384000,5.24000
0.000004386000,5.28000
0.000004388000,5.28000
0.000004390000,5.28000
0.000004392000,5.28000
0.000004394000,5.28000
0.000004396000,5.28000
0.000004398000,5.28000
0.000004400000,5.28000
0.000004402000,5.28000
0.000004404000,5.28000
0.000004406000,5.28000
0.000004408000,5.28000
0.000004410000,5.28000
0.000004412000,5.28000
0.000004414000,5.28000
0.000004416000,5.28000
0.000004418000,5.32000
0.000004420000,5.28000
0.000004422000,5.28000
0.000004424000,5.28000
0.000004426000,5.28000
0.000004428000,5.28000
0.000004430000,5.28000
0.000004432000,5.28000
0.000004434000,5.28000
0.000004436000,5.28000
0.000004438000,5.28000
0.000004440000,5.28000
0.000004442000,5.28000
0.000004444000,5.28000
0.000004446000,5.28000
0.000004448000,5.24000
0.000004450000,5.28000
0.000004452000,5.28000
0.000004454000,5.28000
0.000004456000,5.28000
0.000004458000,5.28000
0.000004460000,5.28000
0.000004462000,5.28000
0.000004464000,5.28000
0.000004466000,5.28000
0.000004468000,5.28000
0.000004470000,5.28000
0.000004472000,5.24000
0.000004474000,5.28000
0.000004476000,5.28000
0.000004478000,5.28000
0.000004480000,5.24000
0.000004482000,5.32000
0.000004484000,5.28000
0.000004486000,5.28000
0.000004488000,5.24000
0.000004490000,5.28000
0.000004492000,5.28000
0.000004494000,5.28000
0.000004496000,5.28000
0.000004498000,5.28000
0.000004500000,5.28000
0.000004502000,5.28000
0.000004504000,5.28000
0.000004506000,5.28000
0.000004508000,5.28000
0.000004510000,5.28000
0.000004512000,5.28000
0.000004514000,5.28000
0.000004516000,5.28000
0.000004518000,5.28000
0.000004520000,5.24000
0.000004522000,5.28000
0.000004524000,5.28000
0.000004526000,5.28000
0.000004528000,5.24000
0.000004530000,5.32000
0.000004532000,5.28000
0.000004534000,5.28000
0.000004536000,5.28000
0.000004538000,5.28000
0.000004540000,5.28000
0.000004542000,5.28000
0.000004544000,5.24000
0.000004546000,5.28000
0.000004548000,5.28000
0.000004550000,5.28000
0.000004552000,5.28000
0.000004554000,5.28000
0.000004556000,5.28000
0.000004558000,5.28000
0.000004560000,5.24000
0.000004562000,5.28000
0.000004564000,5.28000
0.000004566000,5.28000
0.000004568000,5.28000
0.000004570000,5.28000
0.000004572000,5.28000
0.000004574000,5.28000
0.000004576000,5.24000
0.000004578000,5.28000
0.000004580000,5.28000
0.000004582000,5.28000
0.000004584000,5.28000
0.000004586000,5.28000
0.000004588000,5.28000
0.000004590000,5.28000
0.000004592000,5.28000
0.000004594000,5.28000
0.000004596000,5.28000
0.000004598000,5.28000
0.000004600000,5.28000
0.000004602000,5.28000
0.000004604000,5.28000
0.000004606000,5.28000